S/N,Topic,Sub-topic,URL,Description,Comments,Date of publication (dd/mm/yyyy),Authors,Area of practice,Dataset (real/simulated; granularity),Dataset modality,Code available? (language; link if any),ML/AI technique (granular label),Learning paradigm & task (supervised/unsupervised/etc; regression/classification)
1,AI/Data Science/Automation,General,https://vle.actuaries.org.uk/pluginfile.php/144635/mod_resource/content/4/0001%20%20IFoA%20DSSCC%20Part%201%20Green%20Bonds%20%5BNov%202023%5D.pdf,"This paper presents an introductory analysis of the S&P Green Bond Index using time series models, focusing on univariate forecasting with a rolling one-day window. It evaluates various machine learning models, including neural networks and XGBoost, to predict index values based on prior day's data,",,,D Dey,Investment,"Real daily data from the S&P Green Bond Index (Total Performance, USD) from 31 January 2013 to 17 Fe",time series,No,"Deep Neural Network (DNN), Convolutional Neural Network (CNN), Long Short-Term Memory (LSTM), Gated Recurrent Unit (GRU), XGBoost","supervised, regression"
2,AI/Data Science/Automation,General,https://arxiv.org/abs/2401.16985,"This paper introduces deep learning models for simultaneous modeling and forecasting of multiple yield curves, leveraging the dependence structure induced by globalization. The proposed DeepYC model uses self-attention mechanisms and nonparametric quantile regression to generate both point and inter",,,"Ronald Richman, Salvatore Scognamiglio",Multiple,Two datasets: EIOPA government bond data (2015-2021) with monthly spot rates across 33 countries; US,Time series,Unknown,"Deep learning, Self-attention mechanism, Nonparametric quantile regression, Deep ensemble methods, Transfer learning, Neural networks (FCN, LSTM, CNN,","Supervised, Regression"
3,AI/Data Science/Automation,General,https://actuaries.org.uk/about-us/practice-areas/ai-data-science-and-emerging-technologies/,"This document provides an overview of the AI, Data Science and Emerging Technologies Practice Board within the Institute and Faculty of Actuaries (IFoA). It outlines the board's purpose, formation, leadership, and focus on integrating AI and data science into actuarial practice through research, edu",,,Not found,Multiple,N/A,N/A,No,Not found,Not found
4,AI/Data Science/Automation,General,https://vle.actuaries.org.uk/pluginfile.php/161548/mod_resource/content/1/Generative%20AI%20in%20the%20Actuarial%20Profession_%20Survey%20Insights%20from%20the%20IFoA%20GenAI%20Working%20Party.pdf,"This document is a report by the AI and Automation Working Party of the Institute and Faculty of Actuaries, providing definitions of artificial intelligence (AI) and automation, and reviewing their applications in life and health insurance actuarial practice. It covers topics such as mortality model",,,Not found,Multiple,N/A,N/A,"Yes, Python, GitHub repository available at https://github.com/actuaries/ai-automation-working-party","Deep learning, neural networks, machine learning (supervised, unsupervised, reinforcement learning), knowledge-based systems, AutoML","Supervised, Unsupervised, Reinforcement, Multiple"
5,AI/Data Science/Automation,General,https://vle.actuaries.org.uk/pluginfile.php/161549/mod_resource/content/2/Actuarial%20Modelling%20in%20the%20Age%20of%20AI%20Agents.pdf,"This paper explores the transformative potential of AI agents in actuarial modelling, drawing parallels between the actuarial and software development lifecycles. It examines how AI agents can enhance productivity by automating tasks such as model writing, testing, debugging, and documentation, whil",,,Daniel Craig Ramsay,Multiple,N/A,N/A,Yes,"Generative AI, Large Language Models (LLMs), AI Agents, Multi-agent Systems, LangGraph, CrewAI",Supervised/Unsupervised/Reinforcement
6,AI/Data Science/Automation,General,https://vle.actuaries.org.uk/pluginfile.php/170000/mod_folder/content/0/C9_From%20Spreadsheets%20to%20Sparks.pdf?forcedownload=1,"This presentation discusses actuarial modernization efforts, focusing on the integration of advanced technologies like Databricks and generative AI to improve data analytics, scalability, and decision-making in actuarial functions. It highlights challenges, benefits, and strategic goals for moderniz",,,"Kieran McGing, Alice Hutchinson",Multiple,N/A,N/A,Unknown,Generative AI,N/A
7,AI/Data Science/Automation,General,,"The document provides information about the Artificial Intelligence and Automation Working Party established by the IFoA, focusing on how AI and automation will impact the future role of life and health actuaries. It highlights the working party's objectives to explore evolving actuarial practices i",,,Not found,Multiple,N/A,N/A,No,Not found,Not found
8,AI/Data Science/Automation,General,https://www.actuaries.org.uk/system/files/field/document/ErsatzModelTests10%20paper.pdf,"This paper explores the use of computer-generated data to test statistical models, particularly in actuarial science. It discusses bias and percentile tests, illustrating these with examples from insurance claims and financial time series. The authors advocate for laboratory testing of models using ",,,"Stuart Jarvis, James Sharpe, Andrew D Smith",Multiple,"Computer-generated data from known models (exponential, Pareto, autoregressive processes) used to te",Time series,Unknown,"Plug-in method, Bayesian methods, Bootstrap method, Maximum Multiplier method, Autoregressive models","Supervised, classification"
9,AI/Data Science/Automation,General,https://www.actuaries.org.uk/system/files/field/document/FINAL%20Risk%20Appetite%20RM.pdf,"This document is a presentation by Ruth Middleton from EY, discussing risk appetite frameworks in the context of life insurers. It covers definitions, terminology, benefits, challenges, and future considerations for implementing and embedding risk appetite within organizations, with a focus on cyber",,,Ruth Middleton,Risk Management,N/A,N/A,No,N/A,N/A
