NGN'000,2021,2022,2023
Net Insurance Revenue,3,373,639,4,096,304,4,078,304
Insurance Service Expense:,,,
Net Liability for claims incurred,(925,320),(1,742,635),(1,814,830)
Net loss component & Net interest accretion,,(41),(4,609)
- Commission and Acquisition expenses,(166,845),(1,048,816),(1,618,477)
- Maintenance,(389,304),-,-
- Reinsurance commission,153,109,-,-
Insurance result,2,045,280,1,304,812,640,386
Net non underwriting expenses:,,,
- Management expenses,(966,591),(888,443),(1,192,492)
- Employee Benefit,(781,691),-,-
- Finance Costs,(20,866),(23,472),(24,959)
Allowance for impairment of receivables,(122,952.00),-,-
Net insurance finance income/(expense),-,(21,036),(15,879)
Impairment loss on non-financial assets,-,(453,510),(192,459)
Total Net non underwriting expenses:,(1,892,100),(1,386,460),(1,425,789)
, (0.56), (0.34), (0.35)
Investment result:,,,
Investment Income,89,802,90,519,248,102
Net realized gains/loss (Dividend on quoted equities),71,510,476,733,1,305,843
Other operating income,17,981,116,362,25,762
Fair value change in financial assets,-,-,-
Fair value change in investment in property,-,-,-
Investment Operations,179,293,683,614,1,579,708
Overall result before tax,332,473,601,965,794,305
Acquisition cost as a % of net premium,5%,26%,40%
Maintenance expense as % of net Earned premium,12%,0%,0%
overall Net claim ratio*,27.4%,42.5%,44%
overall Net expense ratio*,68%,59%,75%
Management expense ratio,52%,22%,30%
Overall Operating ratio*,90.1%,85.3%,80.5%
Net profit margin*,9.9%,14.7%,19.5%
