Measure of financial strength:,2019,2020,2021,2022,2023
NGN'000,,
Total Gross written Premium (NGN),3,885,447,3,949,079,4,677,009,4,929,908,5,735,903
Total Reinsurance cost(outward)(NGN),559,732,739,964,1,272,668,1,480,940,1,480,940
Total Net Written Premium (NGN),3,325,715,3,209,116,3,404,340,3,448,968,4,254,964
Underwriting Profit,120,160,808,094,153,180,392,938,-572,454
Insurance Profit,264,993,1,061,787,242,982,483,457,-324,352
profit before tax,419,046,1,128,728,332,473,1,076,552,1,007,254
Post -tax profit (NGN),504,911,-61,042,762,446,858,535,165,794,305
Total Net admissible asset value (NGN),4,139,768,3,988,143,3,463,725,3,958,514,4,346,721
Growth in Net Premiums,79%,-4%,6%,1%,23%
Net Claim Ratio,24%,31%,27%,43%,44%
Net Expense Ratio,75%,49%,45%,47%,69%
Combined Ratio,99%,80%,73%,90%,113%
Proportion reinsured,14%,19%,27%,30%,26%
Return on Capital,15%,-176%,13%,16%,21%
Net Profit Margin,15%,35%,10%,15%,19%
Statutory Solvency Ratio,138%,133%,115%,132%,145%
Assets to Liabilities,298%,316%,474%,466%,311%
