Accident Year,Largest gross claim in Year (NGN),Largest net claim in Year (NGN),Proportion recovered,Net Claims as % of S/H Funds,Sum of Five Largest Claims (NGN)
2015,9,796,864,3,000,000,69%,0,10%,25,236,938
2016,7,447,265,3,020,000,59%,0,10%,30,277,837
2017,17,010,000,15,809,050,7%,0,40%,42,811,129
2018,5,456,150,5,456,150,0%,0,13%,10,466,150
2019,7,533,913,5,000,000,34%,0,10%,30,720,102
2020,8,336,800,8,336,800,0%,0,16%,25,903,236
2021,7,894,000,7,894,000,0%,0,15%,30,395,120
2022,12,105,750,12,105,750,14%,0,21%,34,077,986
Average,9,447,593,6,695,864,25%,0,17%,28,736,062
