,Largest gross claim (NGN),Largest net claims (NGN),Proportion recovered,Net Claims as % of S/H Funds,Sum of Five Largest Claims (NGN)
2015,14,887,677,14,887,677,0%,0,50%,31,399,398
2016,9,003,966,9,003,966,0%,0,30%,19,358,896
2017,126,575,000,126,575,000,0%,3,20%,197,326,209
2018,664,264,768,249,279,794,62%,5,90%,696,621,315
2019,77,370,465,77,370,465,0%,1,60%,155,231,312
2020,226,036,269,66,218,320,71%,1,31%,713,047,500
2021,202,548,782,202,548,782,0%,3,75%,267,917,009
2022,25,431,000,25,431,000,0%,0,43%,45,499,609
Average,168,264,741,96,414,375,17%,2,12%,265,800,156
